{
    "loss": 55.436729431152344,
    "accuracy": 0.5686274766921997
}