{
    "loss": 22.201004028320312,
    "accuracy": 0.4313725531101227
}